{"pages":["abcorregido.png"],"chars":[{"id":124,"index":98,"char":"|","width":8,"height":49,"xoffset":2,"yoffset":1,"xadvance":11,"chnl":15,"x":0,"y":0,"page":0},{"id":106,"index":80,"char":"j","width":16,"height":48,"xoffset":-6,"yoffset":3,"xadvance":11,"chnl":15,"x":0,"y":50,"page":0},{"id":87,"index":61,"char":"W","width":46,"height":36,"xoffset":-1,"yoffset":4,"xadvance":43,"chnl":15,"x":9,"y":0,"page":0},{"id":192,"index":129,"char":"À","width":33,"height":46,"xoffset":-2,"yoffset":-6,"xadvance":30,"chnl":15,"x":0,"y":99,"page":0},{"id":194,"index":131,"char":"Â","width":33,"height":46,"xoffset":-2,"yoffset":-6,"xadvance":30,"chnl":15,"x":17,"y":37,"page":0},{"id":193,"index":130,"char":"Á","width":33,"height":46,"xoffset":-2,"yoffset":-6,"xadvance":30,"chnl":15,"x":0,"y":146,"page":0},{"id":201,"index":138,"char":"É","width":21,"height":46,"xoffset":2,"yoffset":-6,"xadvance":23,"chnl":15,"x":0,"y":193,"page":0},{"id":200,"index":137,"char":"È","width":21,"height":46,"xoffset":2,"yoffset":-6,"xadvance":23,"chnl":15,"x":0,"y":240,"page":0},{"id":202,"index":139,"char":"Ê","width":21,"height":46,"xoffset":2,"yoffset":-6,"xadvance":23,"chnl":15,"x":0,"y":287,"page":0},{"id":206,"index":143,"char":"Î","width":17,"height":46,"xoffset":-2,"yoffset":-6,"xadvance":12,"chnl":15,"x":0,"y":334,"page":0},{"id":205,"index":142,"char":"Í","width":15,"height":46,"xoffset":-1,"yoffset":-6,"xadvance":12,"chnl":15,"x":0,"y":381,"page":0},{"id":212,"index":149,"char":"Ô","width":34,"height":46,"xoffset":0,"yoffset":-6,"xadvance":34,"chnl":15,"x":0,"y":428,"page":0},{"id":211,"index":148,"char":"Ó","width":34,"height":46,"xoffset":0,"yoffset":-6,"xadvance":34,"chnl":15,"x":16,"y":381,"page":0},{"id":219,"index":156,"char":"Û","width":28,"height":46,"xoffset":2,"yoffset":-6,"xadvance":31,"chnl":15,"x":18,"y":334,"page":0},{"id":218,"index":155,"char":"Ú","width":28,"height":46,"xoffset":2,"yoffset":-6,"xadvance":31,"chnl":15,"x":35,"y":428,"page":0},{"id":199,"index":136,"char":"Ç","width":28,"height":46,"xoffset":0,"yoffset":4,"xadvance":28,"chnl":15,"x":22,"y":193,"page":0},{"id":81,"index":55,"char":"Q","width":35,"height":45,"xoffset":0,"yoffset":4,"xadvance":34,"chnl":15,"x":22,"y":240,"page":0},{"id":36,"index":10,"char":"$","width":22,"height":44,"xoffset":1,"yoffset":0,"xadvance":25,"chnl":15,"x":22,"y":286,"page":0},{"id":214,"index":151,"char":"Ö","width":34,"height":44,"xoffset":0,"yoffset":-3,"xadvance":34,"chnl":15,"x":45,"y":286,"page":0},{"id":220,"index":157,"char":"Ü","width":28,"height":44,"xoffset":2,"yoffset":-3,"xadvance":31,"chnl":15,"x":47,"y":331,"page":0},{"id":209,"index":146,"char":"Ñ","width":30,"height":44,"xoffset":2,"yoffset":-4,"xadvance":34,"chnl":15,"x":51,"y":376,"page":0},{"id":123,"index":97,"char":"{","width":15,"height":43,"xoffset":0,"yoffset":4,"xadvance":14,"chnl":15,"x":76,"y":331,"page":0},{"id":125,"index":99,"char":"}","width":15,"height":43,"xoffset":-1,"yoffset":4,"xadvance":14,"chnl":15,"x":64,"y":421,"page":0},{"id":91,"index":65,"char":"[","width":12,"height":43,"xoffset":2,"yoffset":4,"xadvance":14,"chnl":15,"x":64,"y":465,"page":0},{"id":93,"index":67,"char":"]","width":12,"height":43,"xoffset":-1,"yoffset":4,"xadvance":14,"chnl":15,"x":77,"y":465,"page":0},{"id":40,"index":14,"char":"(","width":14,"height":43,"xoffset":1,"yoffset":4,"xadvance":14,"chnl":15,"x":80,"y":421,"page":0},{"id":41,"index":15,"char":")","width":15,"height":43,"xoffset":-2,"yoffset":4,"xadvance":14,"chnl":15,"x":82,"y":375,"page":0},{"id":203,"index":140,"char":"Ë","width":21,"height":43,"xoffset":2,"yoffset":-3,"xadvance":23,"chnl":15,"x":90,"y":465,"page":0},{"id":207,"index":144,"char":"Ï","width":17,"height":43,"xoffset":-2,"yoffset":-3,"xadvance":12,"chnl":15,"x":95,"y":419,"page":0},{"id":47,"index":21,"char":"/","width":23,"height":41,"xoffset":-3,"yoffset":4,"xadvance":18,"chnl":15,"x":112,"y":463,"page":0},{"id":92,"index":66,"char":"\\","width":23,"height":41,"xoffset":-3,"yoffset":4,"xadvance":17,"chnl":15,"x":34,"y":84,"page":0},{"id":64,"index":38,"char":"@","width":40,"height":40,"xoffset":2,"yoffset":4,"xadvance":43,"chnl":15,"x":51,"y":37,"page":0},{"id":224,"index":161,"char":"à","width":22,"height":39,"xoffset":0,"yoffset":2,"xadvance":23,"chnl":15,"x":34,"y":126,"page":0},{"id":226,"index":163,"char":"â","width":22,"height":39,"xoffset":0,"yoffset":2,"xadvance":23,"chnl":15,"x":51,"y":166,"page":0},{"id":225,"index":162,"char":"á","width":22,"height":39,"xoffset":0,"yoffset":2,"xadvance":23,"chnl":15,"x":57,"y":126,"page":0},{"id":233,"index":170,"char":"é","width":24,"height":39,"xoffset":0,"yoffset":2,"xadvance":24,"chnl":15,"x":58,"y":78,"page":0},{"id":232,"index":169,"char":"è","width":24,"height":39,"xoffset":0,"yoffset":2,"xadvance":24,"chnl":15,"x":58,"y":206,"page":0},{"id":234,"index":171,"char":"ê","width":24,"height":39,"xoffset":0,"yoffset":2,"xadvance":24,"chnl":15,"x":58,"y":246,"page":0},{"id":244,"index":181,"char":"ô","width":27,"height":39,"xoffset":0,"yoffset":2,"xadvance":27,"chnl":15,"x":74,"y":166,"page":0},{"id":243,"index":180,"char":"ó","width":27,"height":39,"xoffset":0,"yoffset":2,"xadvance":27,"chnl":15,"x":80,"y":286,"page":0},{"id":249,"index":186,"char":"ù","width":23,"height":39,"xoffset":1,"yoffset":2,"xadvance":26,"chnl":15,"x":80,"y":118,"page":0},{"id":251,"index":188,"char":"û","width":23,"height":39,"xoffset":1,"yoffset":2,"xadvance":26,"chnl":15,"x":83,"y":78,"page":0},{"id":250,"index":187,"char":"ú","width":23,"height":39,"xoffset":1,"yoffset":2,"xadvance":26,"chnl":15,"x":92,"y":326,"page":0},{"id":98,"index":72,"char":"b","width":25,"height":38,"xoffset":2,"yoffset":2,"xadvance":27,"chnl":15,"x":98,"y":366,"page":0},{"id":100,"index":74,"char":"d","width":25,"height":38,"xoffset":0,"yoffset":2,"xadvance":27,"chnl":15,"x":113,"y":405,"page":0},{"id":102,"index":76,"char":"f","width":18,"height":38,"xoffset":-1,"yoffset":2,"xadvance":15,"chnl":15,"x":136,"y":444,"page":0},{"id":103,"index":77,"char":"g","width":25,"height":38,"xoffset":0,"yoffset":13,"xadvance":27,"chnl":15,"x":92,"y":0,"page":0},{"id":104,"index":78,"char":"h","width":23,"height":38,"xoffset":2,"yoffset":2,"xadvance":26,"chnl":15,"x":92,"y":39,"page":0},{"id":107,"index":81,"char":"k","width":23,"height":38,"xoffset":2,"yoffset":2,"xadvance":23,"chnl":15,"x":83,"y":206,"page":0},{"id":108,"index":82,"char":"l","width":8,"height":38,"xoffset":2,"yoffset":2,"xadvance":11,"chnl":15,"x":83,"y":245,"page":0},{"id":112,"index":86,"char":"p","width":25,"height":38,"xoffset":2,"yoffset":13,"xadvance":27,"chnl":15,"x":92,"y":245,"page":0},{"id":113,"index":87,"char":"q","width":25,"height":38,"xoffset":0,"yoffset":13,"xadvance":27,"chnl":15,"x":108,"y":284,"page":0},{"id":167,"index":104,"char":"§","width":19,"height":38,"xoffset":1,"yoffset":3,"xadvance":21,"chnl":15,"x":116,"y":323,"page":0},{"id":37,"index":11,"char":"%","width":38,"height":37,"xoffset":0,"yoffset":4,"xadvance":37,"chnl":15,"x":0,"y":475,"page":0},{"id":238,"index":175,"char":"î","width":17,"height":38,"xoffset":-3,"yoffset":2,"xadvance":11,"chnl":15,"x":124,"y":362,"page":0},{"id":237,"index":174,"char":"í","width":13,"height":38,"xoffset":0,"yoffset":2,"xadvance":11,"chnl":15,"x":139,"y":401,"page":0},{"id":67,"index":41,"char":"C","width":28,"height":37,"xoffset":0,"yoffset":4,"xadvance":28,"chnl":15,"x":102,"y":158,"page":0},{"id":71,"index":45,"char":"G","width":30,"height":37,"xoffset":0,"yoffset":4,"xadvance":31,"chnl":15,"x":104,"y":118,"page":0},{"id":77,"index":51,"char":"M","width":37,"height":36,"xoffset":2,"yoffset":4,"xadvance":41,"chnl":15,"x":107,"y":78,"page":0},{"id":79,"index":53,"char":"O","width":34,"height":37,"xoffset":0,"yoffset":4,"xadvance":34,"chnl":15,"x":116,"y":39,"page":0},{"id":83,"index":57,"char":"S","width":24,"height":37,"xoffset":1,"yoffset":4,"xadvance":24,"chnl":15,"x":39,"y":475,"page":0},{"id":105,"index":79,"char":"i","width":9,"height":37,"xoffset":1,"yoffset":3,"xadvance":11,"chnl":15,"x":118,"y":0,"page":0},{"id":109,"index":83,"char":"m","width":37,"height":27,"xoffset":2,"yoffset":13,"xadvance":39,"chnl":15,"x":136,"y":483,"page":0},{"id":121,"index":95,"char":"y","width":26,"height":37,"xoffset":-2,"yoffset":13,"xadvance":22,"chnl":15,"x":128,"y":0,"page":0},{"id":48,"index":22,"char":"0","width":25,"height":37,"xoffset":0,"yoffset":4,"xadvance":25,"chnl":15,"x":107,"y":196,"page":0},{"id":51,"index":25,"char":"3","width":23,"height":37,"xoffset":1,"yoffset":4,"xadvance":25,"chnl":15,"x":131,"y":156,"page":0},{"id":54,"index":28,"char":"6","width":24,"height":37,"xoffset":0,"yoffset":4,"xadvance":25,"chnl":15,"x":135,"y":115,"page":0},{"id":56,"index":30,"char":"8","width":24,"height":37,"xoffset":0,"yoffset":4,"xadvance":25,"chnl":15,"x":145,"y":77,"page":0},{"id":57,"index":31,"char":"9","width":24,"height":37,"xoffset":0,"yoffset":4,"xadvance":25,"chnl":15,"x":151,"y":38,"page":0},{"id":63,"index":37,"char":"?","width":19,"height":37,"xoffset":1,"yoffset":4,"xadvance":20,"chnl":15,"x":155,"y":0,"page":0},{"id":38,"index":12,"char":"&","width":37,"height":37,"xoffset":1,"yoffset":4,"xadvance":37,"chnl":15,"x":175,"y":0,"page":0},{"id":181,"index":118,"char":"µ","width":26,"height":37,"xoffset":2,"yoffset":13,"xadvance":26,"chnl":15,"x":118,"y":234,"page":0},{"id":231,"index":168,"char":"ç","width":21,"height":37,"xoffset":0,"yoffset":13,"xadvance":21,"chnl":15,"x":133,"y":194,"page":0},{"id":8364,"index":551,"char":"€","width":24,"height":37,"xoffset":0,"yoffset":4,"xadvance":25,"chnl":15,"x":134,"y":272,"page":0},{"id":65,"index":39,"char":"A","width":33,"height":36,"xoffset":-2,"yoffset":4,"xadvance":30,"chnl":15,"x":56,"y":0,"page":0},{"id":66,"index":40,"char":"B","width":24,"height":36,"xoffset":2,"yoffset":4,"xadvance":26,"chnl":15,"x":145,"y":232,"page":0},{"id":68,"index":42,"char":"D","width":30,"height":36,"xoffset":2,"yoffset":4,"xadvance":32,"chnl":15,"x":136,"y":310,"page":0},{"id":69,"index":43,"char":"E","width":21,"height":36,"xoffset":2,"yoffset":4,"xadvance":23,"chnl":15,"x":159,"y":269,"page":0},{"id":70,"index":44,"char":"F","width":20,"height":36,"xoffset":2,"yoffset":4,"xadvance":22,"chnl":15,"x":142,"y":347,"page":0},{"id":72,"index":46,"char":"H","width":28,"height":36,"xoffset":2,"yoffset":4,"xadvance":32,"chnl":15,"x":153,"y":384,"page":0},{"id":73,"index":47,"char":"I","width":14,"height":36,"xoffset":-1,"yoffset":4,"xadvance":12,"chnl":15,"x":163,"y":347,"page":0},{"id":74,"index":48,"char":"J","width":16,"height":36,"xoffset":-2,"yoffset":4,"xadvance":17,"chnl":15,"x":167,"y":306,"page":0},{"id":75,"index":49,"char":"K","width":27,"height":36,"xoffset":2,"yoffset":4,"xadvance":27,"chnl":15,"x":178,"y":343,"page":0},{"id":76,"index":50,"char":"L","width":21,"height":36,"xoffset":2,"yoffset":4,"xadvance":22,"chnl":15,"x":155,"y":421,"page":0},{"id":78,"index":52,"char":"N","width":30,"height":36,"xoffset":2,"yoffset":4,"xadvance":34,"chnl":15,"x":174,"y":458,"page":0},{"id":80,"index":54,"char":"P","width":24,"height":36,"xoffset":2,"yoffset":4,"xadvance":26,"chnl":15,"x":177,"y":421,"page":0},{"id":82,"index":56,"char":"R","width":27,"height":36,"xoffset":2,"yoffset":4,"xadvance":27,"chnl":15,"x":182,"y":380,"page":0},{"id":84,"index":58,"char":"T","width":26,"height":36,"xoffset":-1,"yoffset":4,"xadvance":24,"chnl":15,"x":202,"y":417,"page":0},{"id":85,"index":59,"char":"U","width":28,"height":36,"xoffset":2,"yoffset":4,"xadvance":31,"chnl":15,"x":205,"y":454,"page":0},{"id":86,"index":60,"char":"V","width":32,"height":36,"xoffset":-2,"yoffset":4,"xadvance":28,"chnl":15,"x":155,"y":153,"page":0},{"id":88,"index":62,"char":"X","width":30,"height":36,"xoffset":-1,"yoffset":4,"xadvance":27,"chnl":15,"x":160,"y":115,"page":0},{"id":89,"index":63,"char":"Y","width":29,"height":36,"xoffset":-2,"yoffset":4,"xadvance":25,"chnl":15,"x":170,"y":76,"page":0},{"id":90,"index":64,"char":"Z","width":28,"height":36,"xoffset":-1,"yoffset":4,"xadvance":26,"chnl":15,"x":176,"y":38,"page":0},{"id":119,"index":93,"char":"w","width":36,"height":27,"xoffset":-1,"yoffset":13,"xadvance":33,"chnl":15,"x":155,"y":190,"page":0},{"id":49,"index":23,"char":"1","width":22,"height":36,"xoffset":2,"yoffset":4,"xadvance":25,"chnl":15,"x":188,"y":152,"page":0},{"id":50,"index":24,"char":"2","width":24,"height":36,"xoffset":0,"yoffset":4,"xadvance":25,"chnl":15,"x":191,"y":113,"page":0},{"id":52,"index":26,"char":"4","width":27,"height":36,"xoffset":-2,"yoffset":4,"xadvance":25,"chnl":15,"x":200,"y":75,"page":0},{"id":53,"index":27,"char":"5","width":22,"height":36,"xoffset":2,"yoffset":4,"xadvance":25,"chnl":15,"x":205,"y":38,"page":0},{"id":55,"index":29,"char":"7","width":25,"height":36,"xoffset":0,"yoffset":4,"xadvance":25,"chnl":15,"x":213,"y":0,"page":0},{"id":33,"index":7,"char":"!","width":9,"height":36,"xoffset":2,"yoffset":4,"xadvance":13,"chnl":15,"x":170,"y":218,"page":0},{"id":163,"index":6,"char":"£","width":24,"height":36,"xoffset":0,"yoffset":4,"xadvance":25,"chnl":15,"x":180,"y":218,"page":0},{"id":235,"index":172,"char":"ë","width":24,"height":36,"xoffset":0,"yoffset":5,"xadvance":24,"chnl":15,"x":181,"y":255,"page":0},{"id":246,"index":183,"char":"ö","width":27,"height":36,"xoffset":0,"yoffset":5,"xadvance":27,"chnl":15,"x":184,"y":292,"page":0},{"id":252,"index":189,"char":"ü","width":23,"height":36,"xoffset":1,"yoffset":5,"xadvance":26,"chnl":15,"x":206,"y":329,"page":0},{"id":241,"index":178,"char":"ñ","width":23,"height":36,"xoffset":2,"yoffset":4,"xadvance":26,"chnl":15,"x":210,"y":366,"page":0},{"id":239,"index":176,"char":"ï","width":17,"height":35,"xoffset":-3,"yoffset":5,"xadvance":11,"chnl":15,"x":229,"y":403,"page":0},{"id":116,"index":90,"char":"t","width":18,"height":34,"xoffset":-1,"yoffset":7,"xadvance":16,"chnl":15,"x":205,"y":189,"page":0},{"id":59,"index":33,"char":";","width":11,"height":33,"xoffset":-1,"yoffset":13,"xadvance":10,"chnl":15,"x":211,"y":150,"page":0},{"id":35,"index":9,"char":"#","width":29,"height":33,"xoffset":-1,"yoffset":4,"xadvance":27,"chnl":15,"x":216,"y":112,"page":0},{"id":248,"index":185,"char":"ø","width":29,"height":31,"xoffset":-1,"yoffset":11,"xadvance":27,"chnl":15,"x":223,"y":146,"page":0},{"id":97,"index":71,"char":"a","width":22,"height":28,"xoffset":0,"yoffset":13,"xadvance":23,"chnl":15,"x":205,"y":224,"page":0},{"id":99,"index":73,"char":"c","width":21,"height":28,"xoffset":0,"yoffset":13,"xadvance":21,"chnl":15,"x":206,"y":253,"page":0},{"id":101,"index":75,"char":"e","width":24,"height":28,"xoffset":0,"yoffset":13,"xadvance":24,"chnl":15,"x":224,"y":178,"page":0},{"id":111,"index":85,"char":"o","width":27,"height":28,"xoffset":0,"yoffset":13,"xadvance":27,"chnl":15,"x":212,"y":282,"page":0},{"id":115,"index":89,"char":"s","width":19,"height":28,"xoffset":0,"yoffset":13,"xadvance":19,"chnl":15,"x":230,"y":311,"page":0},{"id":58,"index":32,"char":":","width":9,"height":28,"xoffset":0,"yoffset":13,"xadvance":10,"chnl":15,"x":192,"y":189,"page":0},{"id":110,"index":84,"char":"n","width":23,"height":27,"xoffset":2,"yoffset":13,"xadvance":26,"chnl":15,"x":234,"y":340,"page":0},{"id":114,"index":88,"char":"r","width":16,"height":27,"xoffset":2,"yoffset":13,"xadvance":16,"chnl":15,"x":234,"y":368,"page":0},{"id":117,"index":91,"char":"u","width":23,"height":27,"xoffset":1,"yoffset":13,"xadvance":26,"chnl":15,"x":234,"y":439,"page":0},{"id":118,"index":92,"char":"v","width":26,"height":27,"xoffset":-2,"yoffset":13,"xadvance":22,"chnl":15,"x":247,"y":396,"page":0},{"id":120,"index":94,"char":"x","width":24,"height":27,"xoffset":-1,"yoffset":13,"xadvance":21,"chnl":15,"x":251,"y":368,"page":0},{"id":122,"index":96,"char":"z","width":23,"height":27,"xoffset":-1,"yoffset":13,"xadvance":21,"chnl":15,"x":234,"y":467,"page":0},{"id":126,"index":100,"char":"~","width":26,"height":11,"xoffset":3,"yoffset":19,"xadvance":31,"chnl":15,"x":205,"y":491,"page":0},{"id":43,"index":17,"char":"+","width":25,"height":25,"xoffset":3,"yoffset":12,"xadvance":31,"chnl":15,"x":228,"y":37,"page":0},{"id":61,"index":35,"char":"=","width":25,"height":17,"xoffset":3,"yoffset":17,"xadvance":31,"chnl":15,"x":174,"y":495,"page":0},{"id":178,"index":115,"char":"²","width":16,"height":23,"xoffset":0,"yoffset":4,"xadvance":17,"chnl":15,"x":34,"y":166,"page":0},{"id":42,"index":16,"char":"*","width":20,"height":20,"xoffset":0,"yoffset":4,"xadvance":19,"chnl":15,"x":239,"y":0,"page":0},{"id":176,"index":113,"char":"°","width":16,"height":16,"xoffset":0,"yoffset":4,"xadvance":17,"chnl":15,"x":224,"y":207,"page":0},{"id":45,"index":19,"char":"-","width":16,"height":7,"xoffset":1,"yoffset":22,"xadvance":18,"chnl":15,"x":17,"y":84,"page":0},{"id":44,"index":18,"char":",","width":10,"height":15,"xoffset":-1,"yoffset":31,"xadvance":10,"chnl":15,"x":142,"y":384,"page":0},{"id":39,"index":13,"char":"'","width":8,"height":14,"xoffset":1,"yoffset":4,"xadvance":11,"chnl":15,"x":247,"y":424,"page":0},{"id":96,"index":70,"char":"`","width":13,"height":11,"xoffset":0,"yoffset":2,"xadvance":12,"chnl":15,"x":118,"y":272,"page":0},{"id":46,"index":20,"char":".","width":9,"height":9,"xoffset":0,"yoffset":31,"xadvance":10,"chnl":15,"x":200,"y":503,"page":0},{"id":32,"index":3,"char":" ","width":0,"height":0,"xoffset":-2,"yoffset":36,"xadvance":12,"chnl":15,"x":76,"y":375,"page":0}],"info":{"face":"abcorregido","size":42,"bold":0,"italic":0,"charset":["A","B","C","D","E","F","G","H","I","J","K","L","M","N","O","P","Q","R","S","T","U","V","W","X","Y","Z","a","b","c","d","e","f","g","h","i","j","k","l","m","n","o","p","q","r","s","t","u","v","w","x","y","z","0","1","2","3","4","5","6","7","8","9",".","?","!","/",":",";",",","*","§","£","$","ø","@","+","°","-","~","#","&","²","'","{","}","[","]","|","`","\\","(",")","=","%","µ","à","â","á","é","è","ë","ê","ï","î","í","ö","ô","ó","ù","ü","û","ú","À","Â","Á","É","È","Ë","Ê","Ï","Î","Í","Ö","Ô","Ó","Ü","Û","Ú","ç","Ç","€","ñ","Ñ"," "],"unicode":1,"stretchH":100,"smooth":1,"aa":1,"padding":[2,2,2,2],"spacing":[0,0]},"common":{"lineHeight":45,"base":36,"scaleW":512,"scaleH":512,"pages":1,"packed":0,"alphaChnl":0,"redChnl":0,"greenChnl":0,"blueChnl":0},"distanceField":{"fieldType":"msdf","distanceRange":4},"kernings":[{"first":65,"second":67,"amount":-1},{"first":65,"second":71,"amount":-1},{"first":65,"second":74,"amount":2},{"first":65,"second":79,"amount":-1},{"first":65,"second":84,"amount":-3},{"first":65,"second":85,"amount":-1},{"first":65,"second":86,"amount":-3},{"first":65,"second":87,"amount":-2},{"first":65,"second":89,"amount":-3},{"first":65,"second":90,"amount":1},{"first":65,"second":116,"amount":-1},{"first":65,"second":118,"amount":-1},{"first":65,"second":119,"amount":-1},{"first":65,"second":121,"amount":-1},{"first":65,"second":59,"amount":1},{"first":65,"second":44,"amount":1},{"first":65,"second":42,"amount":-3},{"first":66,"second":84,"amount":-2},{"first":66,"second":89,"amount":-1},{"first":67,"second":67,"amount":-1},{"first":67,"second":71,"amount":-1},{"first":67,"second":79,"amount":-1},{"first":67,"second":81,"amount":-1},{"first":67,"second":63,"amount":0},{"first":68,"second":65,"amount":-1},{"first":68,"second":84,"amount":-2},{"first":68,"second":88,"amount":-1},{"first":68,"second":90,"amount":-1},{"first":68,"second":46,"amount":-3},{"first":68,"second":44,"amount":-3},{"first":69,"second":65,"amount":0},{"first":69,"second":74,"amount":1},{"first":69,"second":84,"amount":0},{"first":69,"second":87,"amount":1},{"first":69,"second":88,"amount":0},{"first":70,"second":65,"amount":-3},{"first":70,"second":74,"amount":-1},{"first":70,"second":83,"amount":-1},{"first":70,"second":84,"amount":0},{"first":70,"second":97,"amount":-2},{"first":70,"second":102,"amount":0},{"first":70,"second":46,"amount":-3},{"first":70,"second":44,"amount":-3},{"first":71,"second":84,"amount":-1},{"first":71,"second":86,"amount":-1},{"first":71,"second":121,"amount":-1},{"first":74,"second":65,"amount":-1},{"first":74,"second":74,"amount":-1},{"first":74,"second":97,"amount":-1},{"first":74,"second":46,"amount":-2},{"first":74,"second":44,"amount":-2},{"first":74,"second":224,"amount":-1},{"first":74,"second":225,"amount":-1},{"first":75,"second":67,"amount":-2},{"first":75,"second":71,"amount":-2},{"first":75,"second":74,"amount":2},{"first":75,"second":79,"amount":-2},{"first":75,"second":81,"amount":-2},{"first":75,"second":88,"amount":1},{"first":75,"second":90,"amount":1},{"first":75,"second":99,"amount":-1},{"first":75,"second":100,"amount":-1},{"first":75,"second":101,"amount":-1},{"first":75,"second":103,"amount":-1},{"first":75,"second":111,"amount":-1},{"first":75,"second":113,"amount":-1},{"first":75,"second":116,"amount":-1},{"first":75,"second":118,"amount":-2},{"first":75,"second":119,"amount":-1},{"first":75,"second":121,"amount":-2},{"first":75,"second":59,"amount":1},{"first":75,"second":44,"amount":1},{"first":75,"second":233,"amount":-1},{"first":75,"second":232,"amount":-1},{"first":75,"second":234,"amount":-1},{"first":75,"second":237,"amount":-1},{"first":75,"second":243,"amount":-1},{"first":76,"second":65,"amount":1},{"first":76,"second":67,"amount":-1},{"first":76,"second":71,"amount":-1},{"first":76,"second":74,"amount":2},{"first":76,"second":79,"amount":-2},{"first":76,"second":81,"amount":-2},{"first":76,"second":84,"amount":-3},{"first":76,"second":85,"amount":-1},{"first":76,"second":86,"amount":-3},{"first":76,"second":87,"amount":-1},{"first":76,"second":89,"amount":-3},{"first":76,"second":90,"amount":1},{"first":76,"second":116,"amount":-1},{"first":76,"second":118,"amount":-2},{"first":76,"second":119,"amount":-1},{"first":76,"second":121,"amount":-2},{"first":76,"second":63,"amount":-2},{"first":76,"second":42,"amount":-5},{"first":79,"second":65,"amount":-1},{"first":79,"second":74,"amount":0},{"first":79,"second":84,"amount":-2},{"first":79,"second":88,"amount":-1},{"first":79,"second":89,"amount":-1},{"first":79,"second":90,"amount":-1},{"first":79,"second":46,"amount":-2},{"first":79,"second":44,"amount":-2},{"first":80,"second":65,"amount":-4},{"first":80,"second":71,"amount":0},{"first":80,"second":74,"amount":-3},{"first":80,"second":87,"amount":1},{"first":80,"second":88,"amount":-1},{"first":80,"second":97,"amount":-1},{"first":80,"second":99,"amount":-2},{"first":80,"second":100,"amount":-2},{"first":80,"second":101,"amount":-2},{"first":80,"second":103,"amount":-2},{"first":80,"second":111,"amount":-2},{"first":80,"second":113,"amount":-2},{"first":80,"second":46,"amount":-7},{"first":80,"second":44,"amount":-7},{"first":80,"second":224,"amount":-1},{"first":80,"second":225,"amount":-1},{"first":80,"second":233,"amount":-2},{"first":80,"second":232,"amount":-2},{"first":80,"second":234,"amount":-2},{"first":80,"second":243,"amount":-2},{"first":81,"second":65,"amount":-1},{"first":81,"second":84,"amount":-2},{"first":81,"second":88,"amount":-1},{"first":81,"second":89,"amount":0},{"first":81,"second":90,"amount":-1},{"first":81,"second":46,"amount":-3},{"first":81,"second":44,"amount":-2},{"first":82,"second":67,"amount":-1},{"first":82,"second":71,"amount":-1},{"first":82,"second":74,"amount":1},{"first":82,"second":79,"amount":0},{"first":82,"second":81,"amount":0},{"first":82,"second":84,"amount":-1},{"first":82,"second":89,"amount":-1},{"first":82,"second":99,"amount":-1},{"first":82,"second":100,"amount":-1},{"first":82,"second":101,"amount":-1},{"first":82,"second":103,"amount":-1},{"first":82,"second":111,"amount":-1},{"first":82,"second":113,"amount":-1},{"first":82,"second":59,"amount":2},{"first":82,"second":233,"amount":-1},{"first":82,"second":232,"amount":-1},{"first":82,"second":234,"amount":-1},{"first":82,"second":243,"amount":-1},{"first":83,"second":116,"amount":-1},{"first":83,"second":118,"amount":-1},{"first":83,"second":119,"amount":-1},{"first":83,"second":121,"amount":-1},{"first":84,"second":65,"amount":-3},{"first":84,"second":67,"amount":-2},{"first":84,"second":71,"amount":-2},{"first":84,"second":74,"amount":-3},{"first":84,"second":79,"amount":-2},{"first":84,"second":81,"amount":-2},{"first":84,"second":84,"amount":1},{"first":84,"second":86,"amount":1},{"first":84,"second":87,"amount":1},{"first":84,"second":88,"amount":0},{"first":84,"second":89,"amount":1},{"first":84,"second":97,"amount":-5},{"first":84,"second":99,"amount":-5},{"first":84,"second":100,"amount":-5},{"first":84,"second":101,"amount":-5},{"first":84,"second":102,"amount":-2},{"first":84,"second":103,"amount":-5},{"first":84,"second":109,"amount":-4},{"first":84,"second":110,"amount":-4},{"first":84,"second":111,"amount":-5},{"first":84,"second":112,"amount":-4},{"first":84,"second":113,"amount":-5},{"first":84,"second":114,"amount":-4},{"first":84,"second":115,"amount":-3},{"first":84,"second":117,"amount":-4},{"first":84,"second":118,"amount":-2},{"first":84,"second":119,"amount":-3},{"first":84,"second":120,"amount":-4},{"first":84,"second":121,"amount":-3},{"first":84,"second":122,"amount":-3},{"first":84,"second":46,"amount":-4},{"first":84,"second":58,"amount":-1},{"first":84,"second":59,"amount":-1},{"first":84,"second":44,"amount":-3},{"first":84,"second":224,"amount":-5},{"first":84,"second":225,"amount":-5},{"first":84,"second":233,"amount":-5},{"first":84,"second":232,"amount":-5},{"first":84,"second":234,"amount":-5},{"first":84,"second":237,"amount":-1},{"first":84,"second":243,"amount":-5},{"first":84,"second":249,"amount":-4},{"first":84,"second":252,"amount":-4},{"first":84,"second":250,"amount":-4},{"first":85,"second":65,"amount":-1},{"first":86,"second":65,"amount":-3},{"first":86,"second":67,"amount":-1},{"first":86,"second":71,"amount":-1},{"first":86,"second":74,"amount":-2},{"first":86,"second":79,"amount":0},{"first":86,"second":81,"amount":-1},{"first":86,"second":83,"amount":-1},{"first":86,"second":84,"amount":1},{"first":86,"second":97,"amount":-3},{"first":86,"second":99,"amount":-3},{"first":86,"second":100,"amount":-3},{"first":86,"second":101,"amount":-3},{"first":86,"second":103,"amount":-3},{"first":86,"second":109,"amount":-2},{"first":86,"second":110,"amount":-2},{"first":86,"second":111,"amount":-3},{"first":86,"second":112,"amount":-2},{"first":86,"second":113,"amount":-3},{"first":86,"second":114,"amount":-2},{"first":86,"second":115,"amount":-1},{"first":86,"second":117,"amount":-2},{"first":86,"second":46,"amount":-5},{"first":86,"second":44,"amount":-5},{"first":86,"second":224,"amount":-3},{"first":86,"second":225,"amount":-3},{"first":86,"second":233,"amount":-3},{"first":86,"second":232,"amount":-3},{"first":86,"second":234,"amount":-3},{"first":86,"second":243,"amount":-3},{"first":86,"second":249,"amount":-2},{"first":86,"second":252,"amount":-2},{"first":86,"second":250,"amount":-2},{"first":87,"second":65,"amount":-2},{"first":87,"second":84,"amount":1},{"first":87,"second":97,"amount":-2},{"first":87,"second":99,"amount":-1},{"first":87,"second":100,"amount":-1},{"first":87,"second":101,"amount":-1},{"first":87,"second":103,"amount":-1},{"first":87,"second":111,"amount":-1},{"first":87,"second":113,"amount":-1},{"first":87,"second":46,"amount":-3},{"first":87,"second":44,"amount":-3},{"first":87,"second":224,"amount":-2},{"first":87,"second":225,"amount":-2},{"first":87,"second":233,"amount":-1},{"first":87,"second":232,"amount":-1},{"first":87,"second":234,"amount":-1},{"first":87,"second":243,"amount":-1},{"first":88,"second":67,"amount":-1},{"first":88,"second":71,"amount":-1},{"first":88,"second":74,"amount":2},{"first":88,"second":79,"amount":-1},{"first":88,"second":81,"amount":-1},{"first":88,"second":84,"amount":1},{"first":88,"second":46,"amount":1},{"first":88,"second":59,"amount":2},{"first":88,"second":44,"amount":1},{"first":89,"second":65,"amount":-4},{"first":89,"second":67,"amount":-1},{"first":89,"second":71,"amount":-1},{"first":89,"second":74,"amount":-1},{"first":89,"second":79,"amount":-1},{"first":89,"second":81,"amount":-1},{"first":89,"second":83,"amount":-1},{"first":89,"second":84,"amount":1},{"first":89,"second":97,"amount":-4},{"first":89,"second":99,"amount":-4},{"first":89,"second":100,"amount":-4},{"first":89,"second":101,"amount":-4},{"first":89,"second":102,"amount":-1},{"first":89,"second":103,"amount":-4},{"first":89,"second":109,"amount":-3},{"first":89,"second":110,"amount":-3},{"first":89,"second":111,"amount":-4},{"first":89,"second":112,"amount":-3},{"first":89,"second":113,"amount":-4},{"first":89,"second":114,"amount":-3},{"first":89,"second":115,"amount":-3},{"first":89,"second":117,"amount":-3},{"first":89,"second":46,"amount":-4},{"first":89,"second":44,"amount":-4},{"first":89,"second":224,"amount":-4},{"first":89,"second":225,"amount":-4},{"first":89,"second":233,"amount":-4},{"first":89,"second":232,"amount":-4},{"first":89,"second":234,"amount":-4},{"first":89,"second":243,"amount":-4},{"first":89,"second":249,"amount":-3},{"first":89,"second":252,"amount":-3},{"first":89,"second":250,"amount":-3},{"first":90,"second":74,"amount":2},{"first":90,"second":84,"amount":1},{"first":90,"second":121,"amount":-1},{"first":98,"second":97,"amount":-1},{"first":98,"second":102,"amount":0},{"first":98,"second":120,"amount":-1},{"first":98,"second":224,"amount":-1},{"first":98,"second":225,"amount":-1},{"first":99,"second":74,"amount":2},{"first":99,"second":84,"amount":-2},{"first":99,"second":89,"amount":-2},{"first":101,"second":39,"amount":-2},{"first":102,"second":98,"amount":0},{"first":102,"second":104,"amount":0},{"first":102,"second":116,"amount":1},{"first":102,"second":118,"amount":1},{"first":102,"second":119,"amount":1},{"first":102,"second":120,"amount":0},{"first":102,"second":121,"amount":1},{"first":102,"second":46,"amount":-3},{"first":102,"second":63,"amount":1},{"first":102,"second":58,"amount":2},{"first":102,"second":59,"amount":2},{"first":102,"second":44,"amount":-3},{"first":102,"second":45,"amount":-2},{"first":102,"second":125,"amount":2},{"first":102,"second":93,"amount":3},{"first":102,"second":41,"amount":3},{"first":103,"second":106,"amount":1},{"first":106,"second":106,"amount":1},{"first":107,"second":99,"amount":-1},{"first":107,"second":100,"amount":-1},{"first":107,"second":101,"amount":-1},{"first":107,"second":103,"amount":-1},{"first":107,"second":111,"amount":-1},{"first":107,"second":113,"amount":-1},{"first":107,"second":116,"amount":0},{"first":107,"second":46,"amount":2},{"first":107,"second":58,"amount":2},{"first":107,"second":59,"amount":2},{"first":107,"second":44,"amount":2},{"first":107,"second":45,"amount":-3},{"first":107,"second":233,"amount":-1},{"first":107,"second":232,"amount":-1},{"first":107,"second":234,"amount":-1},{"first":107,"second":243,"amount":-1},{"first":110,"second":39,"amount":-2},{"first":111,"second":97,"amount":-1},{"first":111,"second":102,"amount":-1},{"first":111,"second":120,"amount":-1},{"first":111,"second":39,"amount":-3},{"first":111,"second":224,"amount":-1},{"first":111,"second":225,"amount":-1},{"first":112,"second":97,"amount":-1},{"first":112,"second":102,"amount":-1},{"first":112,"second":120,"amount":-1},{"first":112,"second":224,"amount":-1},{"first":112,"second":225,"amount":-1},{"first":113,"second":106,"amount":2},{"first":114,"second":99,"amount":-1},{"first":114,"second":100,"amount":-1},{"first":114,"second":101,"amount":-1},{"first":114,"second":102,"amount":1},{"first":114,"second":103,"amount":-1},{"first":114,"second":109,"amount":0},{"first":114,"second":110,"amount":0},{"first":114,"second":111,"amount":-1},{"first":114,"second":113,"amount":-1},{"first":114,"second":115,"amount":0},{"first":114,"second":116,"amount":1},{"first":114,"second":118,"amount":2},{"first":114,"second":119,"amount":2},{"first":114,"second":120,"amount":1},{"first":114,"second":121,"amount":2},{"first":114,"second":122,"amount":1},{"first":114,"second":46,"amount":-4},{"first":114,"second":58,"amount":2},{"first":114,"second":59,"amount":2},{"first":114,"second":44,"amount":-4},{"first":114,"second":45,"amount":-3},{"first":114,"second":233,"amount":-1},{"first":114,"second":232,"amount":-1},{"first":114,"second":234,"amount":-1},{"first":114,"second":243,"amount":-1},{"first":116,"second":99,"amount":-1},{"first":116,"second":100,"amount":-1},{"first":116,"second":101,"amount":0},{"first":116,"second":103,"amount":0},{"first":116,"second":111,"amount":0},{"first":116,"second":113,"amount":0},{"first":116,"second":120,"amount":1},{"first":116,"second":63,"amount":-1},{"first":116,"second":45,"amount":-3},{"first":116,"second":233,"amount":0},{"first":116,"second":232,"amount":0},{"first":116,"second":234,"amount":0},{"first":116,"second":243,"amount":0},{"first":117,"second":39,"amount":-1},{"first":118,"second":97,"amount":-1},{"first":118,"second":99,"amount":0},{"first":118,"second":100,"amount":0},{"first":118,"second":101,"amount":0},{"first":118,"second":103,"amount":0},{"first":118,"second":111,"amount":0},{"first":118,"second":113,"amount":0},{"first":118,"second":46,"amount":-3},{"first":118,"second":44,"amount":-3},{"first":118,"second":224,"amount":-1},{"first":118,"second":225,"amount":-1},{"first":118,"second":233,"amount":0},{"first":118,"second":232,"amount":0},{"first":118,"second":234,"amount":0},{"first":118,"second":243,"amount":0},{"first":119,"second":99,"amount":0},{"first":119,"second":100,"amount":0},{"first":119,"second":101,"amount":0},{"first":119,"second":103,"amount":0},{"first":119,"second":111,"amount":0},{"first":119,"second":113,"amount":0},{"first":119,"second":46,"amount":-2},{"first":119,"second":44,"amount":-2},{"first":119,"second":233,"amount":0},{"first":119,"second":232,"amount":0},{"first":119,"second":234,"amount":0},{"first":119,"second":243,"amount":0},{"first":120,"second":99,"amount":0},{"first":120,"second":100,"amount":0},{"first":120,"second":101,"amount":0},{"first":120,"second":103,"amount":0},{"first":120,"second":111,"amount":0},{"first":120,"second":113,"amount":0},{"first":120,"second":233,"amount":0},{"first":120,"second":232,"amount":0},{"first":120,"second":234,"amount":0},{"first":120,"second":243,"amount":0},{"first":121,"second":99,"amount":0},{"first":121,"second":100,"amount":0},{"first":121,"second":101,"amount":0},{"first":121,"second":102,"amount":0},{"first":121,"second":103,"amount":0},{"first":121,"second":111,"amount":0},{"first":121,"second":113,"amount":0},{"first":121,"second":116,"amount":0},{"first":121,"second":46,"amount":-3},{"first":121,"second":63,"amount":-2},{"first":121,"second":44,"amount":-2},{"first":121,"second":39,"amount":1},{"first":121,"second":233,"amount":0},{"first":121,"second":232,"amount":0},{"first":121,"second":234,"amount":0},{"first":121,"second":243,"amount":0},{"first":42,"second":65,"amount":-4},{"first":42,"second":74,"amount":-3},{"first":42,"second":99,"amount":-2},{"first":42,"second":100,"amount":-2},{"first":42,"second":101,"amount":-2},{"first":42,"second":103,"amount":-2},{"first":42,"second":111,"amount":-2},{"first":42,"second":113,"amount":-2},{"first":39,"second":114,"amount":-1},{"first":39,"second":115,"amount":-1},{"first":123,"second":106,"amount":4},{"first":91,"second":106,"amount":5},{"first":40,"second":106,"amount":5},{"first":243,"second":97,"amount":-1},{"first":243,"second":102,"amount":-1},{"first":243,"second":120,"amount":-1}]}